Desc,Mile,Elev
Gilmer,0.0,3769
Springer Mountain,0.2,3720
USFS 42,1.0,3372
Rich Mountain,1.9,3284
Stover Creek,2.6,2956
Stover Creek,2.9,2844
Chester Creek,4.3,2516
Lake/pond/tank,4.7,2555
Union,7.3,3244
Hawk Mountain,8.1,3185
Union,8.4,3018
Hightower Gap Rd,8.5,2949
Hightower Gap,8.6,2847
Horse Gap,10.5,2670
Horse Gap,10.6,2700
Appalachian Blue Ridge Rd,12.2,2808
Justus Mountain,12.8,3221
Brookshire Gap,13.2,2896
Deep Gap,13.7,2709
Justus Creek,14.3,2513
Blackwell Creek,15.5,2654
Gooch Mountain,15.7,2732
Union,16.1,2952
Mount Airy Creek,16.9,2824
Gooch Gap,17.1,2814
Cooper Gap Rd,17.2,2818
Lumpkin,17.4,2877
Grassy Gap,18.1,2988
Liss Gap,18.8,3031
Jacks Gap,19.4,3041
Ramrock Mountain,19.6,3175
Tritt Gap,19.8,3024
Suches  GA 30572,21.1,3166
Lunsford Gap,21.9,3320
Big Cedar Mountain,22.3,3690
Augerhole Gap,22.7,3589
Dan Gap,23.5,3267
Granny Top,23.6,3310
Lumpkin,24.4,2860
Henry Gap,25.2,3067
Union,25.6,3215
Appalachian Trl,26.5,3412
Burnett Field Mountain,26.6,3356
Jarrard Gap,26.9,3284
Gaddis Mountain,27.3,3533
Horsebone Gap,27.5,3448
Woods Hole,28.0,3713
Turkey Stamp,28.1,3743
Bird Gap,28.4,3677
Blood Mountain,29.7,4442
Flatrock Gap,31.2,3444
Reese State Memorial,31.8,3270
Appalachian Trl,32.1,3097
State Rte 11,32.2,3097
Raven Cliffs Wilderness,32.4,3202
Lumpkin,32.6,3300
Bull Gap,33.3,3645
Levelland Mountain,33.9,3828
Swaim Gap,34.4,3438
Turkeypen Mountain,34.6,3510
Rock Spring Top,35.1,3530
Corbin Horse Stamp,35.6,3641
Wolf Laurel Top,35.9,3763
Baggs Creek Gap,36.4,3503
Green Cliff Top,36.9,3805
Cowrock,37.1,3841
White,37.2,3809
Tesnatee Gap,38.0,3139
Tesnatee Gap,38.1,3139
Richard B Russell Scenic Hwy,38.9,3464
GA 348,39.0,3464
Wolfpen Stamp,39.2,3556
Mark Trail Wilderness,39.3,3595
White,39.5,3562
White Oak Stamp Gap,39.8,3458
Strawberry Top,40.4,3540
Sapling Gap,40.7,3474
Poor Mountain,40.9,3628
Wide Gap,41.6,3182
Appalachian Trl,41.8,3339
Sheep Rock Top,42.7,3559
Low Gap,43.6,3031
Low Gap,43.7,3061
Poplar Stomp Gap,44.9,3343
Appalachian Trl,47.5,3458
Cold Springs Gap,47.6,3405
Chattahoochee Gap,48.7,3526
Mark Trail Wilderness,48.8,3507
Chattahoochee River,49.1,3353
Towns,49.3,3441
Appalachian Trl,49.4,3435
Red Knob,50.4,3608
Henson Gap,50.6,3579
Blue Mountain Shelter,51.0,3881
Blue Mountain,51.8,4015
Appalachian Trl,52.4,3602
White,53.0,3034
Unicoi Gap,53.1,2975
Helen  GA 30545,53.2,2933
Hiawassee  GA 30546,53.3,2929
GA 75 (Unicoi Gap),53.3,2939
Appalachian Trl,54.6,4002
Indian Grave Gap Rd,55.8,3113
Indian Grave Gap,55.9,3129
Tray Mountain Rd,56.6,3507
White,57.4,3838
Towns,57.5,3822
USFS 79 (Tray Gap),57.6,3828
Tray Mountain,58.4,4383
Habersham,58.6,4317
Tray Mountain Shelter,58.9,4074
Wolfpen Gap,60.0,3566
Steeltrap Gap,60.5,3461
Appalachian Trl,60.9,3667
Young Lick,61.0,3750
Rabun,61.1,3750
Appalachian Trl,61.3,3730
Blue Ridge Swag,62.2,3480
Round Top,63.1,3779
Sassafras Gap,63.5,3533
Addis Gap,64.3,3333
Wildcat Rd,64.4,3333
Appalachian Trl,64.8,3612
Appalachian Trl,65.4,4133
Dismal Gap,65.7,3910
Appalachian Trl,65.8,3887
Dismal Knob,65.9,3841
Deep Gap,66.2,3579
Deep Gap,66.3,3553
Appalachian Trl,66.6,3799
Wolfstake Knob,66.7,3812
Appalachian Trl,66.9,3759
Appalachian Trl,67.0,3818
Appalachian Trl,67.2,3877
McClure Gap,67.4,3769
Powell Mountain,67.5,3812
Appalachian Trl,67.6,3759
Rabun,68.0,3628
Appalachian Trl,68.3,3349
Moreland Gap,68.6,3067
Dicks Creek,69.4,2857
Towns,69.5,2782
Dicks Creek Gap,69.8,2647
Cowart Gap,71.6,2883
Mr Bert Rd,71.7,2890
Buzzard Knob,73.0,3671
Bull Gap,73.2,3546
Appalachian Trl,73.4,3658
Plumorchard Gap,74.4,3106
Plumorchard Gap,74.5,3152
As Knob,75.2,3385
Charlies Creek Rd,75.7,3015
Towns,76.6,3379
Rich Cove Gap,76.9,3421
Rocky Knob,77.0,3507
North Carolina,78.7,3818
Appalachian Trl,78.8,3789
Bly Gap,78.9,3782
Sharp Top,79.3,4271
Courthouse Bald,80.2,4642
Sassafras Gap,80.8,4274
Muskrat Creek,81.7,4563
Whiteoak Stamp,82.1,4543
Wateroak Gap,83.6,4461
Macon,84.6,4835
Yellow Mountain,84.9,4753
National Forest Rd,85.7,4337
Deep Gap,85.8,4333
Macon,86.0,4455
Southern Nantahala Wilderness,86.3,4580
Standing Indian,86.7,4734
Clay,86.8,4780
National Forest Rd,87.2,4914
National Forest Rd,87.4,5019
National Forest Rd,87.6,5121
Beech Gap,91.2,4438
Kilby Creek,91.9,4471
Coleman Gap,92.9,4209
Timber Ridge,94.0,4648
Carter Gap (old shelter),94.4,4517
Southern Nantahala Wilderness,95.4,4917
Little Ridgepole Mountain,96.7,4744
Betty Creek Gap,98.2,4284
Ball Creek Rd,99.1,4491
Big Butt,99.4,4688
Bearpen Gap,99.9,4730
Albert Mountain,100.6,5206
Albert Mountain,100.7,5213
Big Spring Gap Shelter,101.2,4954
Pinnacle Mountain,101.3,4963
Glassmine Gap,104.4,4140
Rock Gap,106.6,3828
USFS 67 (Rock Gap),106.8,3733
Middle Gap,107.3,3677
Wallace Gap,107.4,3727
Winding Stair Gap,110.5,3690
Winding Stair Gap,110.6,3684
Swinging Lick Gap,111.7,4064
Panther Knob,112.5,4442
Panther Gap,112.7,4448
Big Stamp,113.1,4350
Snowbird Gap,114.2,4681
Siler Bald,114.6,4845
Wayah Crest,116.5,4245
Wayah Gap,116.6,4183
No Official Name Or Unknown,117.9,4625
National Forest Rd,118.4,5006
Wayah Bald parking area,120.6,5269
Appalachian Trl,120.7,5282
Wayah Bald,120.8,5334
Wayah Bald Shelter,121.7,4645
Licklog Gap,123.2,4399
Burningtown Gap,125.5,4206
Cold Spring,126.7,4898
Copper Ridge Bald,127.4,5137
Tellico Bald,127.8,4993
Black Bald,128.3,4973
Rocky Bald,128.7,5019
Macon,129.5,4537
Appalachian Trl,130.3,4015
State Rd 1365,130.4,3858
Appalachian Trl,131.7,4534
Wesser Bald,131.8,4586
Wesser Bald Shelter,132.7,4120
Fork Mountain,132.8,4153
Swain,134.1,4028
Swain,136.9,2516
Rufus Morgan,137.6,2083
Silvermine Rd,138.4,1729
Nantahala Gorge,138.5,1719
Lake/pond/tank,138.6,1751
Flint Ridge,139.8,2431
Watia Rd,140.1,2401
Grassy Gap,141.5,3028
Grassy Top,142.0,3303
Rock Creek,142.9,3631
Swim Bald,144.5,4698
Swain,144.6,4639
Graham,144.9,4576
Sassafras Gap,145.4,4386
Cheoah Bald,146.5,5049
Appalachian Trl,146.8,4917
Locust Cove Gap,149.1,3645
Simp Gap,150.2,3536
Stecoah Gap,152.3,3129
Appalachian Trl,152.8,3293
Sweetwater Gap,153.4,3277
Brown Fork Gap,154.6,3841
Brown Fork Gap,155.0,3592
Cody Gap,157.7,3608
Graham,159.8,3159
Yellow Creek Gap,160.0,3008
Yellow Creek Gap,160.1,2936
Cable Gap,160.9,2864
Cable Gap,161.1,3024
Yellow Creek Mountains,162.0,3585
Black Gum Gap,162.3,3448
Bee Cove Lead,163.3,3697
Higlon Ridge,163.6,3546
Walker Gap,163.7,3467
Appalachian Trl,163.8,3425
Appalachian Trl,163.9,3343
State Hwy 28,166.4,1745
Fontana Dam  NC 28733,166.4,1745
Lake/pond/tank,166.5,1725
Fontana Dam,167.3,1797
Fontana Dam Rd,167.4,1814
Fontana Dam Picnic Area,167.5,1850
Fontana Dam Visitors Center,167.9,1725
Lake/pond/tank,168.0,1673
Swain,168.1,1669
Fontana Lake,168.2,1663
Fontana Dam North Trailhead,169.0,1876
Shuckstack,172.4,3841
Sassafras Gap,172.7,3674
Red Ridge Gap,173.3,3704
Birch Spring Gap,173.6,3720
Doe Ridge,175.5,4258
Buck Gap,175.8,4419
Doe Knob,175.9,4484
Mud Gap,176.3,4350
Powell Ridge,176.4,4324
Powell Knob,176.6,4327
North Carolina,176.9,4094
Blount,177.0,3999
Ekaneetlee Gap,177.3,3845
Ekaneetlee Creek,177.6,4009
Lawson Gant Lot,178.6,4353
Mollies Ridge Shelter,179.0,4583
Devils Tater Patch,179.3,4750
Big Grill Ridge,179.4,4675
Little Bald,179.7,4747
Little Abrams Gap,180.5,4212
Big Abrams Gap,181.1,4094
Russell Field Shelter,182.2,4340
McCampbell Knob,182.4,4327
McCampbell Gap,182.5,4307
Maple Sugar Gap,183.3,4599
Nuna Ridge,183.7,4776
Anthony Ridge,184.4,5013
Spence Field,185.0,4947
Rocky Top,186.2,5426
North Carolina,186.3,5393
Blount,186.4,5433
Spring,186.9,5449
Beechnut Gap,187.9,4862
Saddleback Ridge,188.7,5068
Brier Knob,188.8,5088
Starkey Gap,189.5,4501
Sevier,190.0,4668
Sugartree Gap,190.2,4402
Little Chestnut Bald,191.1,4855
Spring,191.3,4839
Big Chestnut Bald,191.4,4858
Sams Gap,191.6,4727
Mount Davis,191.9,4852
Hemlock Knob,192.6,4770
Cold Spring Knob,193.7,5206
Tennessee,194.0,4970
Buckeye Gap,194.2,4829
North Carolina,194.5,4990
Proctor Ridge,195.7,5193
Spring,196.8,5436
Silers Lead,197.0,5541
Silers Bald,197.1,5583
The Narrows,197.4,5301
Monteith Ridge,197.7,5400
Suli Ridge,198.1,5534
Jenkins Knob,198.4,5524
Double Spring Gap,198.5,5488
Double Spring Gap,198.6,5485
Loggy Ridge,200.3,6115
Mount Buckley,200.9,6473
Clingmans Dome,201.4,6607
Clingmans Dome,201.5,6601
Mount Love,202.0,6358
North Carolina,202.7,6033
Collins Gap,203.2,5744
Mount Collins,204.3,6171
Mount Collins,205.0,5869
Clingman's Dome Road (Indian Gap),207.4,5262
Indian Gap,208.2,5374
State Rte 71,209.1,5000
Mount Ambler,211.6,6089
Tennessee,211.8,6033
North Carolina,211.9,6036
Icewater Spring,212.2,5918
Masa Knob,213.0,5587
Charlies Bunion,213.4,5423
Dry Sluice Gap,213.7,5426
The Sawteeth,214.3,5377
Porters Gap,214.5,5324
Porters Mountain,214.8,5511
False Gap,215.7,5226
Laurel Top,217.1,5777
Hughes Ridge,219.4,5561
Pecks Corner,219.5,5561
Pecks Corner,219.6,5567
Katalsta Ridge,220.5,5833
Copper Gap,221.4,5498
Sevier,221.9,5830
North Carolina,222.1,5951
Raven Ridge,222.5,6000
Tri-corner Knob,224.9,5908
Tricorner Knob,225.1,5961
Haywood,225.3,5944
Guyot Spur,226.1,6299
Spring,226.3,6302
Ramsey Prong,226.6,6276
Spring,226.8,6236
Old Black,227.3,6240
Deer Creek Gap,227.8,6043
Yellow Creek Gap,228.5,5915
Inadu Knob,228.6,5902
Camel Hump Knob,230.0,5068
Camel Hump Mountain,230.2,5032
Camel Gap,231.1,4675
Ross Knob,231.6,4960
Cocke,232.0,5045
Haywood,232.1,5029
Cosby Knob,232.3,5036
Cosby Knob,232.7,4786
Low Gap,233.4,4238
Rocky Face Mountain,234.3,4744
Sunup Knob,234.7,4904
Cammerer Ridge,235.3,4901
Davenport Gap,239.8,2641
North Carolina,240.7,2004
Mount Sterling Rd,240.8,1994
Tennessee,240.9,2063
Tobes Creek,242.2,1381
Pigeon River,242.3,1358
I-40,242.5,1450
Waterville School Road,242.6,1469
Snowbird Mountain,248.0,4251
Wildcat Top,248.6,4146
Holly Bottom Branch,248.8,4045
Turkey Gap,249.2,3700
Turkey Gap,249.6,3553
Deep Gap,250.5,2900
Groundhog Creek,250.7,2982
Tennessee,251.9,3526
Cherokee National Forest,252.1,3549
Flat Ridge,252.7,3861
Brown Gap,253.3,3484
Brown Gap,253.4,3480
Madison,256.1,4242
West Fork Little Creek,256.2,4225
Max Patch Mountain,256.9,4609
Buckeye Ridge,257.9,4235
Roaring Fork,258.7,4015
Roaring Fork,258.9,3946
Roaring Fork (old shelter location),261.7,3540
North Carolina,262.2,3513
Rattlesnake Branch Rd,262.3,3549
Lemon Prong,262.9,3933
Walnut Mountain,263.5,4248
Fall Branch,264.0,3933
Kale Gap,264.3,3677
Wolf Creek,264.5,3815
Catpen Gap,265.0,4130
Bluff Mountain,266.0,4675
Jones Branch,268.0,3464
Gorenflo Gap Rd,270.1,2467
Taylor Hollow Gap,270.7,2624
East Fork Shut-In Creek,271.2,2831
Canebrake Ridge,273.0,2585
Gragg Gap,273.5,2309
Deer Park Mountain,274.2,2585
S Serpentine Ave,276.5,1397
Appalachian Trail Hwy,276.6,1345
Walnut St,276.8,1338
Spring Creek,277.0,1325
Andrews Ave S,277.1,1328
French Broad River,277.2,1315
Silvermine Rd,277.3,1328
Silver Mine Creek,277.4,1315
Lovers Leap Ridge,279.1,2293
Pump Gap,280.2,2096
Lake/pond/tank,281.7,2460
Mill Ridge Rd,281.8,2536
Mill Ridge,282.1,2585
US Hwy 70,282.8,2263
Silver Mine Creek,283.5,2627
North Carolina,284.3,3097
Tennessee,285.8,3244
Lookout Mountain Rd,286.0,2995
Hurricane Gap,286.2,2952
Spring Mountain,287.9,3536
Spring Mountain,288.2,3618
Deep Gap,289.8,2933
Allen Gap,291.7,2227
TN 70 (Allen Gap),291.8,2224
North Carolina,294.4,3093
Greene,294.5,3090
Little Laurel,296.6,3654
Seng Ridge,297.9,4721
Camp Creek Bald,298.1,4658
Little Firescald Knob,299.9,4481
Bearwallow Gap,300.1,4406
Big Firescald Knob,300.7,4458
Fox Cabin Gap,301.6,4169
Lick Log Gap,301.9,4101
Bald Mountain,302.5,4353
Andrew Johnson Mountain,303.1,4261
Jerry's Cabin,303.3,4146
Chestnutlog Gap,303.4,4120
Madison,304.9,4678
Big Butt,305.1,4803
Coldspring Mountain,305.2,4809
Gravel Knob,305.8,4698
Coldspring Mountain,307.9,3930
Unicoi,308.3,3490
Flint Mountain,309.1,3566
Locust Ridge,310.3,3389
Devil's Fork Gap,311.8,3097
State Hwy 212,311.9,3097
Laurel Branch,312.4,2952
Sugarloaf Branch,312.8,3218
Sugarloaf Gap,313.9,3982
Unicoi,314.7,4291
North Carolina,314.9,4406
Divide Mountain,315.5,4563
Rice Gap,317.3,3832
Hog Back Ridge,318.6,4307
High Rock,319.2,4432
State Hwy 81,320.9,3756
I-26,-82.561,
Street Gap,323.2,4104
Streets Gap Rd,323.3,4130
Unicoi,325.3,4645
Big Bald,327.3,5501
National Forests in North Carolina,327.5,5423
Bald Mountain,328.6,5101
Little Bald,330.0,5118
Whistling Gap,332.0,3845
High Rocks,332.7,4258
Yancey,333.3,3914
Big Creek,334.0,3477
Spivey Gap,334.5,3169
Flattop Mountain Branch,335.8,3818
Barnett Branch,336.6,3507
Cherokee National Forest,336.7,3438
No Business Knob,339.4,3166
Long Branch,339.7,3175
Temple Hill Gap,341.8,2831
Mine Branch,342.2,3120
Temple Ridge,343.2,3162
Cliff Ridge,345.2,2040
Unaka Springs Rd,345.7,1683
Old Asheville Rd,345.8,1669
Jones Branch Rd,345.9,1686
Jones Branch,347.1,1715
Jones Branch,347.6,1784
Jones Branch,347.9,1919
Jones Branch,348.5,2089
Tennessee,348.9,2329
Curly Maple Gap,350.0,3047
Curley Maple Gap,350.2,3083
Martin Creek,351.2,3287
National Forests in North Carolina,354.1,3435
Ephriam Place Rd,354.2,3346
Unaka Mountains,355.7,3963
Beauty Spot,356.6,4432
Mitchell,357.1,4301
Unicoi,357.7,4317
Cherokee National Forest,358.0,4199
Beauty Spot Gap,358.1,4104
Unaka Mountain Rd,358.6,4455
Unaka Mountain,359.8,5183
Low Gap,362.0,3894
Big Ball,362.2,4045
Cherry Gap,363.0,4002
Cherry Gap,363.6,4009
Piney Ball,363.8,4160
Tennessee,364.4,4343
Little Bald Knob,364.5,4288
National Forests in North Carolina,365.3,3933
Iron Mountain Gap,366.0,3713
Carter,367.4,3973
Piney Bald,369.9,4186
Greasy Creek Rd,370.1,4028
Iron Mountain,370.5,4160
Clyde Smith Shelter,372.1,4494
Carter,372.4,4484
North Carolina,372.5,4478
Little Rock Knob,373.0,4917
Cove Creek Road,375.2,4045
Beartown Mountain,376.8,5485
Ash Gap,377.1,5331
Cloudlands,378.0,6194
Toll House Gap,378.2,6108
Roan High Knob,378.5,6171
Carter,379.5,5738
Mitchell,379.7,5649
Carvers Gap,380.1,5469
State Hwy 261,380.2,5505
Round Bald,380.8,5803
Engine Gap,381.2,5613
Jane Bald,381.5,5803
Avery,382.4,5839
Yellow Mountain,383.0,5406
Low Gap,383.4,5039
Buckeye Gap,383.6,5160
Yellow Mountain,383.7,5144
Buckeye Gap,384.3,4734
Overmountain Shelter,384.8,4780
Yellow Mountain Gap,385.2,4645
Little Hump Mountain,387.0,5216
North Carolina,387.6,4986
Hump Mountain,388.5,5538
Tennessee,390.9,4563
Morgan Branch,391.4,4061
Wilder Mine Hollow,393.1,3188
Apple House,393.3,3021
Buck Creek,393.8,2854
State Rte 37,393.9,2854
Bear Branch Rd,394.1,2877
Bear Branch,394.2,2870
Carter,396.6,3651
Buck Mountain Rd,397.1,3500
Campbell Hollow Rd,397.4,3392
Avery,399.6,2805
Mountaineer Falls Shelter,402.4,3182
Slide Hollow,403.7,3353
Walnut Mountain Road,404.2,3605
Laurel Fork,406.1,3264
Howard Harrison Rd,407.1,3441
Appalachian Trl,409.2,3595
Appalachian Trl,410.2,3845
Moreland Gap,411.3,3818
White Rocks Mountain,412.1,4232
Appalachian Trl,414.0,4087
Estep Rd,416.7,2493
Big Branch,416.8,2490
Pond Mountain Wilderness,417.1,2526
Laurel Fork,417.5,2454
Pond Mountain Wilderness,418.2,2089
Laurel Fork,418.5,2168
Laurel Fork Gorge,418.6,2040
Laurel Fork,418.9,1981
Waycoster Spring,419.0,1988
Horseridge Gap,421.1,3300
Shook Branch,425.0,2014
Shook Branch Rd,425.1,2017
Appalachian Trl,425.2,1975
Watauga Lake,425.3,1952
Hampton  TN 37658,425.4,1958
Appalachian Trl,425.8,1991
Griffith Branch,426.5,2037
Watauga Lake,426.8,2053
Carter,426.9,2057
Appalachian Trl,427.4,2060
Watauga River,427.9,1975
Appalachian Trl,428.2,2129
Wilbur Dam Rd,429.2,2230
Watauga Dam Road,429.3,2240
Johnson,434.0,3536
Johnson,435.8,3589
Carter,435.9,3608
Spring,437.9,3861
Turkeypen Gap,439.2,3963
Iron Mountain,440.9,4091
TN 91,445.3,3540
TN 91/Cross Mountain,445.4,3507
Osborne Rd,445.5,3500
Osborne Rd,445.7,3559
Carter,446.1,3579
Johnson,447.2,3799
Double Springs,448.5,4068
Locust Knob,449.0,4002
Jenkins Rd,450.6,3474
State Rte 34,452.0,3382
Locust Pole Knob,452.9,3658
Double Spring Gap,454.0,3520
McQueen Knob,455.3,3851
McQueens Knob (Emergency Shelter),455.4,3851
McQueen Gap,455.7,3664
Sullivan,456.7,3848
Abingdon Gap Shelter,456.8,3772
Maple Spring Gap,457.0,3746
Virginia,463.1,3228
George Washington and Jefferson National Forest,463.2,3198
State Rte T-1203,466.3,1942
S Beaver Dam Ave,466.4,1932
Virginia Creeper Trl,466.7,1909
State Rte T-1223,466.8,1922
State Rte T-716,466.9,1925
The Place,467.0,1925
Laurel Creek,467.1,1919
State Rte T1215,467.2,1961
State Rte T-1209,467.3,1965
Virginia Creeper Trl,467.4,1955
Damascus VA,467.6,1991
Jeb Stuart Hwy,467.8,2001
The Cuckoo,469.7,2903
Feathercamp Branch,472.3,2247
US 58,472.4,2224
Straight Branch,472.5,2217
Appalachian Trl,475.0,2847
Saunders Shelter,476.2,3412
Virginia Creeper Trl,480.4,2664
Creek Junction Rd,481.0,2719
Whitetop Laurel Creek,481.1,2713
Grassy Ridge Rd,481.7,2910
Lost Mountain,483.0,3392
Jeb Stuart Hwy,483.9,3152
Star Hill Branch,484.0,3152
Beech Mountain Rd,485.2,3520
Washington,486.9,4589
Smyth,487.5,4963
Buzzard Rock,487.7,5091
Grayson,488.4,5055
USFS 89 (Whitetop Mountian Road),488.7,5088
Elk Garden,491.0,4448
Elk Garden Trl,491.1,4448
Balsam Mountain,491.3,4599
Lewis Fork Wilderness,491.5,4583
Deep Gap,493.0,4901
Thomas Knob,495.2,5410
George Washington and Jefferson National Forest,495.8,5472
Pine Mountain,496.3,5442
Grayson Highlands State Park,498.2,4891
Massie Gap,498.4,4858
Quebec Branch,499.5,4609
Wise Shelter,500.3,4409
Big Wilson Creek,500.4,4386
Wilson Creek,500.7,4347
Little Wilson Creek Wilderness,500.8,4379
Scales,503.3,4629
Grayson,504.0,4740
Lewis Fork Wilderness,505.3,4576
Old Orchard Shelter,506.3,4071
State Rte 603,508.0,3458
Fairwood Valley,508.1,3458
Smyth,510.0,4356
Comers Creek,515.1,3277
Comers Creek Rd,516.4,3284
Raccoon Branch Wilderness,516.5,3320
Raccoon Branch (old shelter),517.8,3681
Trimpi Shelter,520.5,3011
Slabtown Hollow,521.6,2532
Slab Town Rd,521.7,2601
Sugar Grove  VA 24375,522.6,2440
Pugh Mountain Rd,526.5,3238
Georges Branch,529.0,2982
Lake/pond/tank,530.3,3244
Partnership,530.4,3251
VA 16 (Mt Rogers Headquarters),530.6,3234
Nicks Creek Rd,531.3,3267
Appalachian Trl,531.4,3303
Appalachian Trl,534.2,3891
USFS 86,534.6,3595
Glade Mountain,535.9,4084
Vaught Branch,537.2,3362
Chatfield Memorial,537.4,3215
Forest Rd 86,537.7,3028
Vaught Branch,538.3,2785
Rocky Hollow Rd,539.2,2595
Phillippi Branch,539.3,2562
Co Rd 729,539.7,2522
Middle Fork Holston River,541.1,2421
Atkins  VA 24311,541.8,2401
US Hwy 11,542.0,2421
I-81,542.1,2417
I-81,542.2,2417
George Washington and Jefferson National Forest,542.3,2411
Dry Run,542.6,2440
Davis Valley Rd,543.0,2440
Smyth,543.8,2647
Davis Path (old shelter),544.8,2887
Wythe,547.2,3326
Bland,550.6,3526
Old Rich Valley Rd,552.1,2647
Shady Grove Rd,553.5,2421
Possum Creek,554.5,2493
W Blue Grass Trl,554.6,2503
Knot Maul,556.5,2765
Knot Mole Branch,557.1,2608
Lynn Camp Creek,557.7,2368
Lick Creek,559.9,2247
State Rte 625,561.2,2306
George Washington and Jefferson National Forest,562.5,3054
Tazewell,563.7,3779
Chestnut Ridge,563.9,3854
Garden Mountain,565.7,4320
Chestnut Knob Shelter,565.9,4402
Walker Gap,567.2,3517
Garden Mountain Wilderness,567.9,3658
Tazewell,570.9,3937
Bland,571.0,3950
VA 623,572.0,3884
Burkes Garden Rd,572.1,3884
Hunting Camp Creek Wilderness,572.5,4009
Jenkins Shelter,576.6,2417
Hunting Camp Creek,576.7,2381
Hunting Camp Creek Wilderness,577.9,3090
Laurel Creek,580.9,2450
US 21 & 52,587.9,2906
N Scenic Hwy,588.1,2919
State Rte 612,588.2,2939
I-77,588.4,2788
VA 612,588.8,2598
Helvey's Mill,590.2,3120
State Rte 611,596.9,2814
Jenny Knob,600.0,2660
Lickskillet Hollow,601.2,2191
Price Ridge Rd,601.3,2171
Kimberling Creek,606.5,2017
Bland,606.6,2066
Giles,608.0,2234
Lake/pond/tank,609.9,2345
Dismal Creek,612.4,2427
Dismal Creek,614.0,2506
Lake/pond/tank,614.4,2562
Dismal Creek,614.6,2588
Wapiti,614.7,2604
Dismal Creek,615.3,2831
Big Horse Gap,620.2,3756
VA 663 (Sugar Run Gap),621.9,3385
Doc's Knob Shelter,624.1,3546
Appalachian Trl,624.2,3566
Appalachian Trl,625.9,3333
Pearis Mountain,629.9,3766
Spring,632.3,2240
State Rte 793,632.6,1998
Virginia,632.9,1788
Pearisburg  VA 24134,633.1,1620
Thomas Dr,633.2,1620
Apalachian Trl,633.5,1637
Thomas Dr,633.6,1587
New River,633.8,1535
Virginia Ave,634.0,1574
Clendennin Rd,635.3,1676
Monroe,639.2,3185
Appalachian Trl,639.4,3211
Rice Field,639.9,3343
Giles,641.4,3330
Monroe,641.5,3372
Symms Gap,645.2,3290
Peters Mountain Wilderness,647.0,3389
Dickinson Gap,647.7,3307
George Washington and Jefferson National Forest,649.2,3874
Giles,649.8,3723
Peters Mountain Wilderness,649.9,3697
Pine Swamp Branch,651.7,2959
Pine Swamp Shelter,652.3,2519
VA 635,652.6,2365
Stony Creek,652.9,2358
Dismal Branch,653.7,2440
Big Stony Creek Rd,654.8,2463
Bailey Gap,656.4,3510
VA 613,660.1,3969
Mountain Lake Wilderness,660.2,4032
Wind Rock,660.5,4048
Lone Pine Peak,662.8,4032
Negro Branch,663.6,3375
Giles,663.8,3251
War Spur,665.3,2372
War Spur Branch,665.4,2342
State Rte 632,666.2,2083
Johns Creek,666.3,2060
Craig,667.7,2788
Rocky Gap,668.5,3270
Kelly Knob,670.4,3736
George Washington and Jefferson National Forest,671.6,2883
Laurel Creek,671.8,2788
Laurel Creek,671.9,2762
Piney Ridge,672.2,2719
Lake/pond/tank,673.5,2267
Cumberland Gap Rd,674.4,2112
Northside Rd,675.2,2148
VA 630,675.3,2162
Montgomery,676.8,3221
Bruisers Knob,678.2,3428
Sarver Hollow,678.5,3359
Craig,678.9,3418
Montgomery,679.0,3408
Niday,684.2,1991
Lee Hollow,685.7,1597
Craig Creek Rd,685.8,1538
Brush Mountain East Wilderness,686.0,1512
Brush Mountain East Wilderness,686.5,1660
Roanoke,689.3,3087
Brush Mountain,689.4,3087
2011 PICKLE BRANCH Fire,691.5,2736
VA 620,693.6,1545
Trout Creek,693.7,1519
Pickle Branch,694.9,1938
Craig,695.2,2086
Roanoke,697.7,2526
Cove Mountain,699.2,3001
VA 311,701.0,2076
State Rte 624,701.5,1804
McAfee Run,701.6,1791
Catawba  VA 24070,703.1,1801
State Rte 785,703.2,1781
Catawba Creek,703.3,1755
Appalachian Trl,703.4,1755
Beckner Gap,703.8,2043
Catawba Valley Dr,707.3,1948
John's Spring,708.4,1952
Catawba Shelter,709.5,2198
Appalachian Trl,710.1,2457
Roanoke,710.9,3038
McAfee Knob,711.1,3185
Appalachian Trl,711.8,2683
Campbell,711.9,2591
Botetourt,712.5,2358
Tinker Mountain,716.4,2906
Lamberts Meadow,718.0,2129
Angell Branch,722.4,1653
2014 Tinker Mtn 2 Fire,724.2,1886
Tinker Creek,727.2,1154
US 220 Commuter Parking Lot,727.4,1259
Cloverdale  VA 24077,727.8,1250
State Rte 653,728.3,1325
I-81,728.9,1351
I-81,729.0,1358
Buffalo Creek,729.3,1295
Lemons Run,729.8,1400
Mountain Pass Rd,729.9,1407
Fullhardt Knob,733.2,2631
Botetourt,735.2,2424
Salt Pond Rd,736.0,2237
Curry Creek,736.7,1597
Wilson Creek,738.7,1555
Wilson Creek,739.2,1840
Blackhorse Gap,741.6,2398
Bedford,741.7,2477
Blue Ridge Pkwy,742.3,2372
Blue Ridge Parkway (Montvale Overlook),743.5,2437
Blue Ridge Pkwy,744.1,2522
Botetourt,744.5,2457
Bedford,745.6,2345
Bobblets Gap,746.4,2099
Bobblet's Gap,746.5,2096
Chair Rock Rd,746.6,2076
Blue Ridge Pkwy,747.2,2322
Blue Ridge Parkway (Sharptop & Peaks Of Otter Overlook),747.3,2326
Blue Ridge Pkwy,747.9,2417
Blue Ridge Parkway (Mills Gap),748.0,2424
Bearwallow Creek,749.7,2211
State Rte 43,749.8,2240
Cove Mountain,750.4,2683
Cove Mountain,752.9,1955
Jennings Creek,756.1,944
Bryant Ridge Shelter,760.0,1269
Botetourt,761.2,2194
Buzzard Ridge,761.4,2286
Floyd Mountain,764.3,3543
Cornelius Creek,764.9,3064
Cornelius Creek,765.0,3041
Forest Rd 812,767.6,3349
Apple Orchard Mountain,769.1,4202
Thunder Ridge Wilderness,769.2,4183
Botetourt,769.5,4012
Bedford,769.9,3881
Blue Ridge Pkwy,770.0,3877
Thunder Hill,770.2,3914
Thunder Hill,770.3,3982
Rockbridge,770.8,3841
Blue Ridge Pkwy,771.2,3569
Thunder Ridge,772.0,3454
Petites Gap,774.9,2372
Highcock Knob,776.1,3054
Rockbridge,776.3,2864
Bedford,777.0,2440
Marble Spring,777.2,2352
Belfast Trl,777.6,2457
Hickory Stand,779.0,2368
Big Cove Branch,780.8,1922
Matts Creek,782.7,830
Matts Creek,783.3,711
James River,784.7,639
Glasgow  VA 24555,784.7,672
Boat Lanch,784.9,675
State Rte 812,785.9,797
Amherst,786.1,915
Johns Hollow,786.4,912
Johns Hollow Shelter,786.7,1085
Little Rocky Row,788.5,2335
Rockbridge,788.6,2460
Big Rocky Row,789.7,2982
Saddle Gap,791.1,2598
Saltlog Gap,792.3,2644
Little Apple Mountain,793.2,2933
Bluff Mountain,793.7,3267
Rockbridge,794.1,3162
Amherst,794.2,3044
Punchbowl Mountain,794.9,2844
Punchbowl,795.4,2555
Blue Ridge Parkway (Mile 51.7),795.8,2132
State Rte 607,796.0,2106
Panther Falls Rd,796.1,2106
Rice Mountain,798.1,2142
Reservoir Rd,799.9,961
Lynchburg Reservoir,802.0,1066
Swapping Camp Creek,802.4,1108
USFS 38,802.9,1269
Brown Mountain Creek,803.9,1154
Brown Mountain Creek,804.9,1364
Buena Vista  VA 24416,806.6,2066
US 60 Long Mtn Wayside,806.7,2057
Bald Knob,809.5,4045
Cowcamp Gap,810.5,3464
Cow Camp Gap,810.6,3503
Cole Mountain,812.1,3923
Hog Camp Gap,813.0,3497
Tar Jacket Ridge,813.8,3792
Wiggins Spring Rd,815.1,3234
Salt Log Gap,815.2,3231
Elk Pond Branch,819.9,3697
Seeley Woodowrth Shelter,820.6,3789
Spy Rock Rd,822.9,3454
Maintop Mountain,823.5,3858
State Rte 826,826.6,3316
Priest Wilderness,827.4,3779
The Priest,827.6,3887
The Priest,828.1,4005
VA 56,832.2,980
Crabtree Falls Hwy,832.3,967
Three Ridges Wilderness,832.4,931
Harpers Creek,835.1,1833
Three Ridges Wilderness,835.4,1988
Chimney Rock,837.0,3188
Appalachian Trl,838.2,3868
Three Ridges,838.4,3953
Bee Mountain,840.6,2982
Maupin Field Shelter,841.1,2749
Augusta,841.8,3074
Beech Grove Rd,842.8,2637
Nelson,843.1,2719
Blue Ridge Pkwy,843.4,2687
Dripping Rock,847.7,2952
Dripping Rock,847.9,2949
Laurel Springs Gap,848.1,2893
Blue Ridge Parkway (Humpback Picnic Parking),848.9,3205
Humpback Mountain,850.5,3562
Nelson,851.1,3425
Augusta,851.2,3418
Blue Ridge Parkway (Humpback Gap),854.5,2230
Paul C. Wolfe Shelter,857.0,1574
Nelson,858.9,1994
Augusta,861.9,1889
Waynesboro  VA 22980,862.0,1870
I-64,862.1,1899
Albemarle,865.4,2608
Royal Orchard Dr,865.6,2424
Albemarle,866.4,2844
Augusta,866.5,2860
Bear Den Mountian Rd,866.7,2805
Bear Den Mountain Trl,866.8,2851
Skyline Drive (Beagle Gap),867.5,2532
Calf Mountain,869.1,2952
Calf Mountain,869.6,2647
Jarmans Gap Rd,870.6,2250
Jarman Gap,870.7,2234
Skyline Drive (Sawmill Run Overlook),872.5,2191
Augusta,873.7,2578
Albemarle,873.8,2634
Turk Gap,874.0,2598
Skyline Drive (Turk Gap),874.1,2588
Skyline Drive (Wildcat Ridge),876.1,2979
Skyline Drive (Riprap),879.1,2687
Skyline Dr,880.3,2614
Augusta,882.0,2358
Rockingham,882.1,2319
Albemarle,882.3,2372
Skyline Dr,882.4,2375
Blackrock Hut,882.8,2742
Blackrock,883.4,3090
Skyline Drive (Black Rock),883.9,2926
Skyline Dr,884.5,2805
Skyline Drive (Jones Run),884.6,2762
Browns Gap,886.0,2578
Skyline Dr,886.9,2765
Skyline Drive (Doyles River Overlook),887.3,2834
Skyline Drive (Doyles River Trailhead),888.1,2828
Albemarle,891.1,3047
Rockingham,891.4,3287
Ivy Creek,893.0,2614
Greene,894.0,3061
Skyline Drive (Ivy Creek Overlook),894.5,2870
Pinefield Hut,896.1,2486
Skyline Dr,896.4,2542
Pinefield Gap,896.5,2598
Weaver Mountain,897.2,2854
Simmons Gap Rd,898.3,2247
Greene,898.9,2506
Rockingham,899.1,2604
Powell Gap,901.6,2299
Skyline Drive (Smith Roach Gap),903.2,2611
Smith Roach Gap,903.3,2621
Hightop Hut,904.5,3205
Spring,905.0,3517
Hightop,905.3,3480
Skyline Drive (Hightop Mountain),906.6,2627
Greene,907.0,2709
Rockingham,907.1,2723
Spotswood Trl,907.8,2358
Swift Run Gap,907.9,2358
Spring,914.3,3156
Pocosin Cabin,914.4,3152
Pocosin Rd,914.5,3143
Page,915.3,3136
Page,915.8,3185
Greene,915.9,3218
Lake/pond/tank,916.6,3385
Bearfence Mountain Hut,917.2,3182
Bearfence Mountain Hut,917.4,3228
2012 Fence Fire,917.9,3464
Bearfence Mountain,918.0,3536
Skyline Drive (Bearfence Mountain),918.4,3382
Bootens Gap,919.8,3195
Madison,920.5,3654
Hazeltop,920.7,3799
Skyline Drive (Milam Gap),922.8,3254
Milam Gap,923.1,3244
Tanners Ridge Rd,923.9,3307
Skyline Drive (Tanners Ridge overlook),924.3,3310
Blackrock,925.2,3625
Little Hawksbill Creek,926.5,3215
Page,926.7,3152
Redgate Rd,927.0,3047
Fishers Gap,927.1,3054
Rock Spring Hut,928.9,3490
Spring,930.3,3346
Madison,931.9,3356
Pollock Knob,932.5,3458
Skyline Drive (Skyland South),932.9,3533
Skyline Drive (stables),933.3,3694
Skyline Drive (Nature Trail Parking),933.7,3690
Madison,934.4,3723
Little Stony Man,934.6,3576
Page,934.7,3566
Skyline Drive (Little Stony Man),935.3,3231
Rappahannock,938.4,3343
Byrds Nest 3,940.1,3270
Marys Rock,941.4,3454
Rappahannock,941.6,3330
Pass Run,942.8,2483
Thornton Gap,943.1,2342
US Hwy 211,943.3,2230
Skyline Dr,943.4,2322
Pass Mountain Hut,944.7,2811
Pass Mountain,945.4,3044
Beahms Gap,946.4,2493
Skyline Drive (Beahms Gap),946.5,2486
Page,949.5,2604
Rappahannock,949.6,2680
Skyline Drive (Elkwallow Wayside),952.1,2463
Skyline Dr,953.7,3087
Sugarloaf,953.9,3231
Warren,954.5,3435
Skyline Drive (Hogback Mountain),954.6,3382
Skyline Dr,954.7,3385
Hogback Mountain,955.4,3428
Skyline Drive (Little Hogback Overlook),956.3,3015
Little Hogback Mountain,956.4,3080
Skyline Dr,957.0,2814
Rappahannock,957.6,2595
Warren,957.7,2595
Gravel Springs Hut,958.1,2631
Skyline Drive (Gravel Springs Gap),958.3,2664
South Marshall,959.4,3205
Mount Marshall,959.9,3077
Skyline Drive (Marshall),960.0,3087
North Marshall,960.6,3362
Skyline Dr,962.2,2732
2011 SMITH RUN Fire,962.4,2687
Jenkins Gap,964.0,2368
Compton Peak,965.2,2870
Warren,965.7,2582
Skyline Drive (Compton Gap),966.0,2404
Appalachian Trl,966.1,2427
Appalachian Trl,966.3,2480
Carson Mountain,966.4,2480
Appalachian Trl,967.5,2408
State Rte 601,968.2,2135
Tom Floyd Wayside,968.7,1948
2011 4H Fire,969.5,1427
Moore Run,970.2,1076
State Rte 602,970.3,1085
Lake Front Royal,971.5,961
Sloan Creek,971.6,938
Intake Rd,973.5,1548
Warren,974.5,1902
CCC Rd,974.9,1801
Jim & Molly Denton,976.9,1318
VA 638,977.9,1062
VA 638,978.0,1062
Fauquier,978.7,1440
Goose Creek,979.9,780
VA 55 (Manassas Gap),979.9,790
I-66,980.0,800
Tuckers Ln,980.1,810
Lake/pond/tank,980.4,902
Fauquier,982.3,1673
Spring,982.4,1666
Upper Ted Lake Parking Area,983.3,1847
Dick's Dome,986.9,1400
Clarke,988.9,1847
Lake/pond/tank,991.9,941
VA 601,992.0,1056
Duke Hollow,994.6,1000
Rod Hollow,995.3,912
Rod Hollow,995.5,889
Morgan Mill Stream,997.2,846
Piney Ridge,997.8,1348
Ashby Hollow,998.7,843
Morgans Mill Rd,999.1,1036
Buzzard Hill,1000.9,1190
Fent Wiley Hollow,1001.3,816
Sam Moore,1002.3,908
Spout Run,1003.6,731
Clarke,1004.0,951
Bears Den Hostel,1005.2,1292
Bluemont  VA 20135,1005.8,1026
Harry Byrd Hwy,1005.9,990
Raven Rocks Hollow,1008.0,862
West Virginia,1008.4,1128
Raven Rocks,1008.8,1368
Rocky Branch,1009.1,1118
Loudoun,1009.9,1591
Virginia,1010.8,1607
Jefferson,1011.4,1653
Wilson Gap,1012.1,1440
Blackburn Trail Center,1013.4,1666
David Lesser Memorial,1016.7,1417
Virginia,1018.8,1171
Jefferson,1019.1,1082
Charles Town Pike,1019.7,912
Keys Gap,1019.8,905
Appalachian Trl,1019.9,912
Appalachian Trl,1021.3,918
Appalachian Trl,1022.0,1122
Loudoun Heights,1023.5,1154
Chestnut Hill Rd,1024.3,610
William L Wilson Fwy,1024.9,305
Shenandoah River,1025.1,259
Shoreline Dr,1025.2,288
Shenandoah St,1025.3,314
Camp Hill,1025.5,406
ATC Headquarters - Harpers Ferry,1025.6,436
Harpers Ferry WV,1026.1,341
US Rte 340 Alternate Rte,1026.1,272
Potomac St,1026.2,265
Maryland,1026.3,249
Potomac River,1026.4,242
Washington,1026.5,246
US Hwy 340,1027.5,255
Lake/pond/tank,1028.1,246
Israel Creek,1029.0,239
Keep Tryst Road,1029.2,265
Pleasant Valley,1029.3,318
US Hwy 340,1029.4,314
Weverton Rd,1029.6,383
Frederick,1031.1,1220
Ed Garvey,1032.5,1079
Arnoldstown Rd,1036.1,935
Crampton Gap,1036.2,925
Washington,1036.3,984
Crampton Gap,1036.7,1174
Lambs Knoll,1039.9,1725
Rocky Run,1041.4,1089
Reno Monument Road (Fox Gap),1042.5,1056
Fox Gap,1042.6,1053
Turners Gap,1043.6,1062
Frederick,1043.8,1194
Washington,1044.4,1473
Monument Rd,1045.0,1253
Washington Monument Road (Hiker Parking),1045.2,1328
Washington Monument Road (Main Parking),1045.4,1463
Monument Knob,1045.6,1512
Boonsboro Mountain Road,1047.8,1299
Bartman Hill,1048.0,1400
Boonsboro Mountain Rd,1048.4,1253
Dwight D Eisenhower Hwy,1048.5,1194
US 40 (Annapolis Rock),1048.6,1210
Baltimore National Pike,1048.7,1227
Pine  Knob,1049.1,1387
Pine Knob,1049.5,1666
Washington,1051.3,1797
Black Rock,1051.9,1784
Black Rock Creek,1052.4,1617
Black Rock Gap,1053.1,1683
MD 17 (Wolfsville Road),1057.2,1414
Wolfsville Rd,1057.3,1345
Ensign Cowall,1057.5,1387
Appalachian Trl,1058.0,1522
Smithsburg  MD 21783,1059.2,1597
Appalachian Trl,1060.3,1348
Warner Gap Hollow,1060.8,1158
Little Antietam Creek,1061.5,1076
State Hwy 491,1061.6,1066
Raven Rock,1062.4,1656
Devil's Racecourse (old shelter),1062.7,1643
High Rock Road,1064.4,1784
Grey Rock Rd,1066.3,1437
Washington,1066.5,1354
Pennsylvania,1067.5,1213
Pen Mar Road,1067.6,1200
Stephy Ave,1067.7,1213
Falls Creek,1068.1,1043
Buena Vista Rd,1068.6,1322
Old Rte 16,1069.8,1272
Red Run,1070.0,1187
PA 16,1070.1,1167
Mentzer Gap Rd,1070.2,1220
Mentzer Gap Road,1070.3,1210
Rattlesnake Run Rd,1070.6,1354
Woodring Ln,1070.8,1338
Deer Lick,1072.1,1404
Deer Lick Run,1072.2,1404
Rattlesnake Run Road (Pipeline),1072.5,1496
Antietam Cove,1074.4,882
Appalachian Trl,1074.5,892
Rattlesnake Run Rd,1074.8,928
Rattlesnake Run Road,1074.9,928
Appalachian Trl,1075.3,1000
Appalachian Trl,1075.5,1069
Snowy Mountain,1078.7,2030
Stoney Mtn Rd,1079.4,1696
South Mountain  PA 17261,1080.0,1551
Rocky Mountain Creek,1080.1,1548
State Rte 233,1080.4,1594
Rocky Mountain,1081.4,1781
Pivot Rock,1081.7,1748
Rocky Mountain,1082.1,1666
Lincoln Way E,1085.1,938
Conococheague Creek,1085.3,912
US 30 (Caledonia State Park),1085.5,915
Caledonia State Park,1085.6,915
Locust Gap Rd,1086.7,1354
Appalachian Trl,1087.0,1302
Spring,1087.6,1469
Franklin,1088.9,1978
Stillhouse Hollow Rd,1089.0,1981
Big Pine Flat Ridge,1090.3,2007
Middle Ridge Rd,1091.3,2034
Cumberland,1092.0,1948
Means Hollow Rd,1092.1,1958
Burd Run,1092.5,1669
Ridge Rd,1092.9,1906
Forest Rd,1094.3,1916
Birch Run,1094.9,1801
Birch Run,1095.0,1781
Reese Rd,1096.1,2011
Shippensburg Rd,1096.3,2034
Dead Woman's Hollow,1097.3,1968
Appalachian Trl,1097.4,1991
Appalachian Trl,1097.8,1998
Forest Rd,1098.7,1870
Appalachian Trl,1099.2,1840
Woodrow Rd,1100.0,1794
Toms Run,1100.5,1541
Tom's Run,1101.1,1295
Michaux Rd,1102.2,1328
Old Shippensburg Road,1102.4,1322
Bunkerhill Rd,1103.0,1122
Old Shippenburg Rd,1103.2,1017
Old Orchard Rd,1104.1,1062
Old Orchard Rd,1104.2,1026
PA 233,1104.4,902
Centerville Rd,1104.6,882
Ironmasters Mansion,1104.7,875
Pine Grove Furnace State Park,1104.8,856
Pine Grove Furnace State Park,1105.1,843
Mountain Creek,1105.3,839
Pine Grove Furnace State Park (Old Railroad Bed Road 2),1105.9,826
Old Forge Rd,1107.3,1305
Tagg Run,1112.2,695
Green Mountain Road (Tagg Run),1112.6,659
PA 34 (Hunter's Run),1113.3,623
Appalachian Trail Rd,1113.5,623
Mt. Holly Springs  PA 17065,1115.6,879
Sheet Iron Roof Rd,1115.8,770
Mountain Rd,1117.0,734
Rocky Ridge,1117.3,944
Whiskey Springs Rd,1118.4,813
Little Dogwood Run,1120.4,862
Alec Kennedy,1120.5,875
White Rocks,1121.5,1049
No Official Name or Unknown,1122.9,528
Leidigh Road (south side only),1123.3,521
Leidigh Dr,1123.4,531
No Official Name or Unknown,1124.1,488
Yellow Breeches Creek,1124.2,469
Fishing Parking Lot,1124.3,475
ATC Mid-Atlantic Office,1124.4,475
Boiling Springs PA,1124.5,479
S Ridge Rd,1124.6,524
State Rte 74,1126.5,544
Lisburn Road,1127.5,511
Boyer Rd,1128.1,518
Lake/pond/tank,1128.2,472
PA 641 (Trindle Road),1128.6,508
Hogestown Run,1129.7,442
N Old Stonehouse Rd,1130.2,449
Appalachian Dr,1130.9,508
Pennsylvania Tpke,1131.2,465
Harrisburg Pike,1132.4,462
Cumberland,1133.1,423
Bernheisel Bridge Rd,1133.2,433
I-81,1133.3,429
I-81,1133.4,442
Country Club Rd,1133.8,472
Lake/pond/tank,1134.1,413
Conodoguinet Creek,1134.8,377
Sherwood Dr,1136.0,393
Wertzville Rd,1136.9,492
Perry,1138.8,1250
Darlington,1138.9,1223
Millers Gap Rd,1140.8,679
State Rte 850,1141.1,656
Fishing Creek,1141.4,593
Cove Mountain,1144.8,1309
Cove Mountain,1146.3,1240
Perry,1147.9,1108
Hawk Rock,1148.1,1095
No Official Name Or Unknown,1148.9,551
Little Boston Rd,1149.3,354
Sherman Creek Rd,1149.4,351
Mountain St,1149.5,357
Fisher St,1149.6,360
US Hwy 11,1149.7,357
Walnut St,1149.8,347
Apple St,1149.9,354
Plum St,1150.0,364
Jones St,1150.1,367
Chestnut St,1150.2,367
Hickory St,1150.3,367
Clark St,1150.5,360
Martha St,1150.6,370
Rebecca St,1150.7,370
Fritz Ave,1150.9,364
N Market St,1151.1,354
State Rte 849,1151.2,347
Dauphin,1151.4,337
State Rte 849,1151.5,351
Susquehanna River,1151.7,337
US Hwy 322,1151.9,337
State Rte 147,1152.0,360
Clark's Ferry,1154.7,1207
Jeep Trl,1157.8,1259
PA 225,1158.7,1236
Appalachian Trl,1159.6,1279
Peters Mountain,1161.7,1171
Victoria Trl,1163.4,1348
Peters Mountain,1165.1,1309
Appalachian Trl,1168.8,538
Dauphin,1170.8,1410
Rattling Run,1172.8,1469
Lebanon,1175.2,1423
Rausch Gap,1180.5,1013
Rausch Creek,1180.7,902
Old RR Bed,1180.8,902
Stony Creek,1181.2,823
State Rte 443,1184.4,564
Trout Run,1185.0,465
Moonshine Rd,1185.1,482
PA 72 (Swatara State Park),1186.3,524
State Rte 72,1186.5,459
Old State Rd,1186.6,436
Swatara Gap,1186.8,439
I-81,1186.9,475
Lebanon,1188.6,1354
Schuylkill,1192.6,1499
Berks,1192.7,1492
Appalachian Trl,1193.1,1469
William Penn,1194.1,1407
Appalachian Trl,1194.9,1325
Appalachian Trl,1195.1,1318
Appalachian Trl,1196.0,1348
PA 645,1196.3,1210
PA 501,1198.1,1423
PA 501,1198.4,1443
Pilger Run Rd,1198.7,1430
Schuylkill,1199.1,1437
Berks,1200.1,1381
Lake/pond/tank,1204.0,1190
PA 183 (south),1207.6,1433
Appalachian Trl,1207.7,1430
Berks,1208.0,1489
Appalachian Trl,1208.1,1496
Appalachian Trl,1213.5,1601
Eagles Nest,1213.6,1587
Schuylkill,1215.1,1476
Berks,1215.2,1492
Stony Creek,1216.0,1345
Appalachian Trl,1216.6,1236
State Game Land Rd,1220.1,1433
Berks,1222.0,1164
Schuylkill,1222.7,383
Little Schuylkill River,1222.8,390
Penn St,1222.9,396
PA 61,1223.0,393
Schuylkill Gap,1223.2,387
State Rte 61,1223.4,403
Port Clinton PA,1223.5,449
Appalachian Trl,1225.8,1361
Reservoir Rd,1228.7,866
Windsor Furnace,1228.8,826
Windsor Furnace,1228.9,830
Pulpit Rock,1230.5,1535
Reservoir Rd,1230.6,1525
Valley Rim Trl,1230.7,1555
Pinnacle Side Trl,1233.0,1568
Appalachian Trl,1235.4,1400
Eckville,1238.1,698
Berks,1239.1,692
Appalachian Trl,1239.2,721
Appalachian Trl,1240.3,1400
Dans Pulpit,1241.4,1627
Lehigh,1244.6,1545
Allentown,1245.7,1492
Fort Franklin Rd,1247.7,1354
Schuylkill,1248.1,1410
Lehigh,1249.3,1371
PA 309,1249.9,1358
Appalachian Trl,1250.2,1430
Bears Rocks,1253.4,1522
Carbon,1253.5,1528
Bake Oven Knob Road (west side),1254.8,1430
Bake Oven Knob,1255.2,1591
Bake Oven Knob,1255.8,1384
Carbon,1256.9,1528
Lehigh,1257.9,1328
Lehigh Furnace Gap,1258.1,1322
Ashfield Road (Lehigh Furnace Gap),1258.2,1328
Pennsylvania Tpke NE Exn,1260.7,1564
Translator Ln,1261.5,1453
George W. Outerbridge,1262.6,1000
Slatington  PA 18080,1263.2,436
State Rte 873,1263.3,423
Northampton,1263.4,370
State Rte 145,1263.6,472
Lehigh Gap East,1263.7,465
Appalachian Trl,1265.6,1459
Appalachian Trl,1266.0,1463
Carbon,1266.1,1459
Appalachian Trl,1266.2,1459
Blue Mountain Drive (Little Gap),1268.5,1112
Danielsville  PA 18038,1268.6,1105
Northampton,1268.8,1223
Monroe,1272.2,1558
Monroe,1272.6,1555
Northampton,1274.1,1561
Smith Gap Vw,1275.9,1548
Leroy A. Smith,1279.3,1473
Monroe,1280.3,1443
Northampton,1280.5,1423
Wind Gap,1283.9,977
PA 115 (Wind Gap),1284.0,961
Appalacion Trl,1286.1,1564
Packanack Dr,1288.7,1646
Sunset Dr,1288.9,1656
Monroe,1289.7,1610
Northampton,1289.8,1620
The Little Offset,1290.1,1640
S Valley View Dr,1290.3,1574
Christine Ct,1291.2,1561
Eagles Vw,1291.3,1548
Eagles Vw,1291.7,1482
PA 191 (Fox Gap),1292.6,1400
Fox Gap,1292.7,1368
Kirkridge,1293.2,1430
Kittatinny Mountain,1293.4,1525
Totts Gap Rd,1295.0,1272
Totts Gap,1295.1,1272
Appalachian Trl,1296.1,1437
Rim Rd,1297.0,1459
Monroe,1298.0,787
Lake/pond/tank,1298.4,639
Larson Dr,1298.8,528
Lake Rd,1298.9,557
Caledonia Creek,1299.1,488
Delaware Water Gap (Lake Lenape),1299.3,498
Mountain Rd,1299.4,452
State Rte 611,1299.5,393
Delaware Ave,1299.6,383
Delaware River,1300.1,291
Old Mine Rd,1300.2,328
AT Overflow Parking,1300.8,305
Dunnfield Creek,1300.9,311
I-80,1301.0,301
Dunnfield Creek Natural Area,1301.1,318
Dunnfield Creek,1301.2,328
Viking Trl,1304.4,1348
Sunfish Pond,1305.1,1381
Camp Rd,1310.0,1177
Mohican Outdoor Center (Camp Road),1310.1,1200
Lake/pond/tank,1311.4,1482
Millbrook Rd,1313.3,1246
Blairstown Road,1313.4,1263
Lake/pond/tank,1313.5,1295
Lake/pond/tank,1313.7,1233
Sussex,1315.1,1476
Blue Mountain Lakes Road,1317.1,1387
Blue Mountain Lakes Road,1317.2,1387
Long Pond Dr,1317.3,1377
Lake/pond/tank,1318.5,1309
Lake/pond/tank,1318.7,1377
Crater Lake,1319.1,1423
Rattlesnake Mountain,1321.9,1479
Brink Road,1324.1,1187
Lake/pond/tank,1327.5,918
Upper North Shore Rd,1327.6,912
Culvers Gap,1327.9,954
Sunrise Mountain Rd,1328.1,941
Fairview Rd,1328.5,1263
Fairview Rd,1329.3,1453
Stony Brook,1330.6,1328
Gren Anderson,1330.7,1328
Sunrise Mountain,1333.0,1646
Sunrise Mountain Pavilion,1333.2,1584
Crigger Rd,1333.9,1417
Lake/pond/tank,1334.7,1361
Lake/pond/tank,1335.7,1433
Mashipicong,1336.4,1407
Deckertown Turnpike,1336.5,1318
Upper Mountain Rd,1337.6,1407
Rutherford,1339.4,1479
Lake/pond/tank,1341.7,1492
State Rte 23,1341.8,1492
Lake Marcia,1342.8,1686
High Point,1343.3,1351
County Road 519,1344.7,1095
Courtright Rd,1345.5,971
Lake/pond/tank,1345.7,990
Lake/pond/tank,1346.2,908
Lake/pond/tank,1346.6,859
Ferguson Rd,1346.7,869
Gemmer Rd,1347.3,721
Lake/pond/tank,1347.5,708
Goodrich Rd,1348.3,620
Lake/pond/tank,1348.5,666
Goldsmith Rd,1348.8,649
Goldsmith Ln,1349.2,666
Sussex,1349.4,603
Unionville Rd,1349.6,606
Unionville  NY 10988,1349.9,606
Orange,1350.1,744
Jersey Ave,1350.5,587
Lott Road,1350.6,587
State Rte 284,1351.6,423
Oil City Rd,1352.0,505
State Line Rd,1352.8,400
Wallkill River,1353.0,377
Oil City Rd,1353.3,387
Lake/pond/tank,1354.5,396
Lake Wallkill Rd,1355.3,449
Pochuck Mountain,1355.8,921
Lovemma Ln,1357.8,862
Glenwood Rd,1358.4,711
Lake/pond/tank,1359.2,793
Glenwood  NJ 07418,1359.9,416
Vernon Valley,1360.6,383
Wawayanda Creek,1361.3,403
Canal Rd,1361.4,403
NJ 94 (Annex),1362.3,439
Sussex,1363.8,1250
Barrett Road,1365.3,1115
Double Kill,1366.4,1046
Lake/pond/tank,1366.6,1102
Wawayanda Rd,1367.1,1125
Wawayanda,1367.3,1197
Parker Lake,1367.5,1102
Warwick Turnpike,1367.8,1154
Passaic,1368.9,1145
Longhouse Drive (Brady Road),1369.1,1128
Longhouse Dr,1369.2,1128
Long House Creek,1370.4,1082
New Jersey,1371.2,1377
Orange,1371.5,1361
Continale,1372.0,1335
Lake/pond/tank,1372.6,1177
Bellvale Mountain,1373.1,1328
Mount Peter,1376.6,1164
NY 17A,1377.0,1141
State Rte 17A,1377.1,1135
Appalachian Trl,1377.6,1210
Appalachian Trl,1379.2,1079
Lakes Road,1380.6,688
Trout Brook,1380.7,636
Lake/pond/tank,1382.2,1246
W Mombasha Rd,1384.0,925
Kloibers Pond,1384.2,977
East Mombasha Road,1385.6,793
Little Dam Lake,1385.9,715
Southfields  NY 10975,1386.9,784
Orange Tpke,1387.0,774
State Rte 17,1388.7,561
Ramapo River,1388.8,498
New York State Thruway,1388.9,521
Arden  NY 10910,1389.0,606
Island Pond,1390.5,1020
Island Pond Mountain,1391.2,1302
Lake/pond/tank,1391.5,1059
Surebridge Brook,1392.3,1095
Fingerboard,1393.0,1348
Fingerboard Mountain,1393.1,1371
Orange,1393.3,1325
Arden Valley Rd,1394.1,1190
Seven Lakes Pkwy,1396.3,862
William Brien Memorial,1398.3,1072
Black Mountain,1399.6,1151
Rockland,1399.7,1158
Stillwater Brook,1400.0,790
Palisades Interstate Pkwy,1400.4,669
Beechy Bottom Brook,1400.6,606
West Mountain,1401.3,1062
Rockland,1401.4,1181
Orange,1402.5,820
Seven Lakes Dr,1403.1,600
Perkins Memorial Dr,1403.7,787
Bear Mountain,1405.2,1286
Bear Mountain,1405.3,1289
Perkins Memorial Dr,1405.5,1200
Perkins Memorial Dr,1405.7,1148
Perkins Memorial Dr,1405.8,980
7 Lakes Dr,1406.1,931
Hessian Lake,1407.2,157
US Rte 202,1407.4,141
Lake/pond/tank,1407.5,124
Fort Montgomery  NY 10922,1407.8,154
Lake/pond/tank,1408.0,6
Westchester,1408.1,-4
Hudson River,1408.2,-4
Lake/pond/tank,1408.3,36
Bear Mountain NY,1408.3,127
Bear Mountain-Beacon Hwy,1408.4,170
NY 9D,1408.5,147
Putnam,1408.6,213
Military Rd,1410.1,472
Copper Mine Brook,1410.3,439
Lake/pond/tank,1410.4,505
Canada Hill,1411.1,826
Annsville Creek,1413.6,413
Old Highland Tpke,1413.8,469
Graymoor Village,1414.1,547
Old W Point Rd E,1414.2,495
Assisi Ln,1414.3,475
Little Fort Hill,1415.1,764
Denning Hill,1415.9,892
Old Albany Post Rd,1416.9,600
Lake/pond/tank,1417.5,646
Canopus Hill,1417.8,820
Lake/pond/tank,1417.9,787
Canopus Hill Rd,1418.5,406
South Highland Road,1419.5,580
Lake/pond/tank,1420.6,859
Lake/pond/tank,1421.1,958
Dennytown Rd,1422.1,859
Lake/pond/tank,1422.3,820
Sunken Mine Rd,1423.7,780
Canopus Lake,1425.7,908
NY 301,1425.8,948
Canopus Creek,1426.7,1036
Canopus Lake,1427.2,971
Long Hill Road,1430.2,1026
Shenandoah Mountain,1430.6,1007
RPH,1432.5,351
Hortontown Rd,1432.6,370
Miller Hill Rd,1432.8,508
Rockledge Rd,1432.9,551
Hosner Mountain,1434.5,1059
Hosner Mountain Road,1436.0,544
Hosner Mountain Rd,1436.1,518
Stormville Mountain,1436.7,954
State Rte 52,1437.7,830
Stormville Mountain Road,1438.7,1040
Stormville Mountain Rd,1438.8,987
Grape Hollow Rd,1439.0,958
Morgan Stewart,1441.3,1312
Depot Hill Road,1442.4,1207
Whaley Lake Stream,1444.2,666
Old NY 55,1444.3,672
Old NY 55 (Nuclear Lake),1444.5,738
Poughquag  NY 12570,1444.6,738
NY 55,1444.7,764
Lake/pond/tank,1445.8,754
Nuclear Lake,1446.1,754
Penny Rd,1447.8,1089
Telephone Pioneers,1448.7,941
County Route 20,1449.2,557
W Dover Rd,1449.3,564
Burton Brook,1449.5,587
Lake/pond/tank,1449.7,587
Dutchess,1451.1,456
Swamp River,1451.3,426
NY 22,1451.6,429
State Rte 55,1451.7,429
Hurds Corner Rd,1451.9,465
Lake/pond/tank,1456.2,826
Leather Hill Rd,1457.0,744
Wiley,1457.4,741
Duell Hollow Road,1457.6,561
Duell Hollow Rd,1457.7,551
Deuel Hollow Brook,1458.0,410
Hoyt Rd,1458.7,406
CT 55,1459.0,439
Connecticut,1459.2,439
State Hwy 55,1459.3,439
Tenmile Hill,1460.6,974
Ten Mile River Lean-to,1461.5,278
Litchfield,1461.7,255
Bulls Bridge Scenic Area,1462.7,416
Bulls Bridge Road,1462.9,364
Schaghticoke Road,1463.2,360
New York,1464.1,1007
Schaghticoke Mountain,1465.0,1259
Thayer Brook,1468.9,902
Mount Algo,1469.4,1122
Mount Algo Lean-to,1469.9,656
Kent  CT 06757,1470.2,433
Old Barn Rd,1470.3,419
Macedonia Brook,1470.4,360
Glacier Rock,1470.8,757
Choggam Brook,1473.1,711
Skiff Mountain Rd,1473.2,757
Calebs Peak,1474.0,1033
River Rd,1475.1,383
N Kent No 1 Rd,1476.0,416
North Kent Brook,1476.1,377
Stewart Hollow Brook,1477.5,390
Stony Brook,1477.9,396
River Rd,1479.9,413
Dawn Hill Rd,1480.1,508
No Official Name Or Unknown,1481.6,711
Cornwall Bridge  CT 06754,1481.7,698
Guinea Brook,1481.8,656
Old Sharon Rd 2,1481.9,738
No Official Name Or Unknown,1482.3,741
Hatch Brook,1482.9,816
West Cornwall Road,1486.6,839
Downey Rd,1487.6,1079
Pine Swamp Brook Lean-to,1487.7,1082
Mount Easter Rd,1488.7,1115
Mount Easter,1489.0,1358
Sharon Mountain,1491.6,1368
US 7 & CT 112,1493.7,538
Lime Rock Rd,1494.1,534
Housatonic River,1494.2,531
Warren Tpke Rd,1494.6,564
Warren Tpke,1495.3,557
Falls Village Handicap Accessible Trailhead,1496.2,557
Housatonic River,1496.3,554
Wetauwanchu Brook,1496.7,583
Housatanic River pull-off,1496.8,583
Great Falls Parking,-73.372,
Mount Prospect,1498.8,1459
Limestone Spring Lean-to,1500.0,1227
Raccoon Hill,1500.1,1263
Salmon Creek,1500.9,1013
Canaan Rd,1503.0,675
Salisbury CT,1503.2,669
Cobble Rd,1503.3,672
Lake/pond/tank,1503.7,675
CT 41,1503.9,731
Bunker Hill Road  (Lion's Head Trailhead),1504.7,1131
Lake/pond/tank,1505.2,1102
Lions Head,1506.2,1722
Connecticut,1506.4,1643
Riga Lean-to,1507.0,1660
Ball Brook,1507.5,1692
Brassie Brook,1508.1,1742
Bear Mountain,1509.5,2319
Berkshire,1510.0,1791
Sages Ravine,1510.3,1528
Bear Rock Stream,1512.1,1666
Mount Race,1513.7,2368
Mount Everett,1515.5,2604
Mount Everett,1515.7,2450
Mount Everett Rd,1516.0,2188
Guilder Pond Picnic Area,1516.1,2083
Guilder Pond,1516.2,2063
The Hemlocks Lean-to,1516.6,1912
Glen Brook Lean-to,1516.7,1922
Mount Bushnell,1518.3,1833
Guilder Hollow Rd,1520.1,866
N Undermountain Rd,1520.9,800
Hubbard Brook,1522.6,672
Sheffield Road Parking,1522.8,675
Sheffield-Egremont Rd,1522.9,675
West Rd,1524.0,692
Lake/pond/tank,1524.6,666
Great Barrington  MA 01230,1524.7,666
Lake/pond/tank,1524.8,662
Lake/pond/tank,1525.0,656
Lake/pond/tank,1525.2,656
Lake/pond/tank,1525.3,656
Sheffield  MA 01157,1525.5,666
Kellogg Rd,1525.6,675
Boardman St,1526.0,692
June Mountain,1527.3,1217
Homes Road,1527.5,1108
Tom Leonard Lean-to,1531.1,1555
Lake Buel Road,1532.2,1099
Deerwood Cir,1532.4,1010
Lake/pond/tank,1532.7,944
Monterey  MA 01245,1533.0,1033
MA 23,1533.1,1066
Blue Hill Rd,1534.2,1541
Benedict Pond,1534.8,1607
Mount Wilcox South Lean-to,1536.1,1804
Swann Brook,1537.1,1807
Lake/pond/tank,1537.2,1827
Mount Wilcox North Lean-to,1538.0,2040
East Brook,1538.8,1788
East Brook,1539.1,1706
Fernside/Jerusalem Road,1541.7,1187
Jerusalem Rd,1541.8,1154
Jerusalem Rd,1543.8,1085
Hop Brook,1544.7,915
Tyringham Main Road,1544.8,944
Webster Rd,1546.6,1781
Goose Pond Road (MA),1549.0,1637
Cooper Brook,1549.5,1545
Upper Goose Pond Cabin,1549.9,1712
Higley Brook,1551.3,1489
Lake/pond/tank,1551.7,1486
Loose Tooth Rd,1551.9,1515
Appalachian Trl,1552.5,1725
Massachusetts Tpke,1553.1,1423
Massachusetts Tpke,1553.2,1417
US 20,1553.4,1358
Jacobs Ladder Rd,1553.5,1368
Becket  MA 01223,1554.3,1791
tyne rd pullover,1554.4,1791
Becket Mountain,1554.9,2171
Walling Mountain,1555.9,2211
Finerty Pond,1556.4,1912
Lake/pond/tank,1558.4,1827
County Rd,1558.8,1856
Bald Top,1559.1,2047
October Mountain Lean-to,1560.7,1906
West Branch Road,1561.3,1916
Lake/pond/tank,1561.4,1925
Pittsfield Road,1562.7,1994
Washington Mountain Rd,1562.8,1994
Cady Brook,1564.8,1794
Blotz Road,1565.6,1850
Warner Hill,1566.4,2053
Tully Mountain,1568.4,2053
Kay Wood Lean-to,1569.5,1794
Grange Hall Rd,1569.8,1617
Barton Brook,1570.0,1515
Day Mountain,1570.6,1778
W Housatonic St,1572.0,1177
Centennial Ave,1572.2,1145
Center Pond,1572.3,1138
State Rte 8,1572.4,1141
State Rte 9,1572.5,1148
Pleasant St,1572.7,1138
Walker Brook,1572.9,1128
Bridle Rd,1573.5,1164
Gulf Road,1573.6,1174
Hoosic River,1575.8,1883
Lake/pond/tank,1577.5,2014
North Mountain,1577.9,2181
The Cobbles,1579.6,1850
Furnace Hill,1580.7,1023
E Main St,1581.0,958
Railroad St,1581.1,961
State Rte 8,1581.6,987
Outlook Ave,1582.4,1364
Mark Noepel Lean-to,1585.9,2791
Saddle Ball Mountain,1587.3,3175
Greylock Day Use Parking,1588.1,3038
Pecks Brook Lean-to,1588.3,3110
Rockwell Rd,1588.4,3113
Gould Trail Day Use Parking,1588.6,3159
Bascom Lodge,1589.0,3467
Mount Greylock,1589.1,3480
Greylock Summit,1589.2,3444
Thunderbolt Ski Trl,1589.3,3359
Bellow's Pipe Lean-to,1589.9,3034
Mount Fitch,1590.6,3080
Mount Williams,1591.6,2946
Notch Road,1592.3,2342
Notch Rd,1592.4,2316
Wilbur Clearing Lean-to,1592.6,2280
Pattison Road,1594.4,1007
Phelps Ave,1594.8,744
Catherine St,1595.0,666
Barbour St,1595.2,646
Williamstown  MA 01267,1595.5,626
Massachusetts Ave,1595.7,662
Massachusetts,1597.6,1706
East Mountain,1597.8,1883
Vermont,1599.5,2329
Risky Ranch Rd,1602.0,2122
Seth Warner,1602.3,2204
County Road,1602.6,2299
Lake/pond/tank,1605.1,2493
Lake/pond/tank,1607.5,2253
Lake/pond/tank,1607.8,2198
Stage Coach Rd,1609.2,2066
Congdon,1609.3,2096
Lake/pond/tank,1609.4,2148
Lake/pond/tank,1609.5,2165
Barney Brook,1611.3,2204
Harmon Hill,1611.7,2322
Bennington VT,1613.4,1358
VT 9,1613.5,1341
Melville Nauheim,1614.9,2421
Glastenbury Wilderness,1615.4,2641
Maple Hill,1615.5,2667
Hell Hollow Brook,1616.5,2312
Glastenbury Wilderness,1618.2,2860
Goddard,1623.2,3556
Glastenbury Mountain,1623.5,3743
Kid Gore,1627.2,2798
Caughnawaga (old shelter),1627.3,2762
Glastenbury River,1627.4,2716
South Alder Brook,1631.1,2601
Lake/pond/tank,1631.2,2611
Bennington,1631.3,2627
Lake/pond/tank,1631.4,2618
Lake/pond/tank,1631.6,2660
Story Spring,1631.9,2791
Windham,1632.9,2759
road sholder,1633.6,2490
Lake/pond/tank,1633.9,2398
Black Brook,1634.6,2214
East Branch Deerfield River,1635.6,2211
Lake/pond/tank,1636.5,2431
Gmc Caretaker Hut,1639.3,3933
Stratton Mountain,1639.4,3927
Lake/pond/tank,1641.8,2493
Lake/pond/tank,1641.9,2477
Stratton Pond,1642.4,2621
Stratton Pond,1642.5,2555
Lye Brook Wilderness,1642.7,2591
Lye Brook Wilderness,1643.4,2460
Bennington,1643.6,2457
Winhall River,1644.4,2257
William B. Douglas,1646.9,2335
Prospect Rock,1648.2,2086
Spruce Peak,1650.2,2230
Spruce Peak,1650.8,2024
VT 11 & 30,1653.1,1843
Bromley Brook,1653.7,2096
Bromley Shelter,1654.9,2545
Bromley Mountain,1655.8,3248
Mad Tom Notch,1658.1,2431
Nat For Dev Rd 21,1658.2,2440
Bennington,1658.3,2463
Styles Peak,1659.8,3375
Peru Peak,1661.4,3421
Peru Peak,1662.8,2598
Lake Brook,1663.0,2572
Rutland,1663.2,2604
Griffith Lake,1663.3,2614
Big Branch Wilderness,1663.4,2614
McGinn Brook,1664.7,2604
Big Branch Wilderness,1666.0,2769
Lost Pond Shelter,1667.3,2191
Big Branch,1668.9,1505
Big Branch,1669.1,1482
Danby-Landgrove Rd,-72.962,
Danby-Landgrove Rd,-72.963,
Big Black Branch,1670.3,1515
Lake/pond/tank,1670.4,1558
Little Black Branch,1670.9,1653
Lula Tye,1672.1,1896
Little Rock Pond,1672.5,1876
Little Rock Pond,1672.8,1843
Homer Stone Brook,1673.6,1902
Green Mountain and Finger Lakes National Forests,1675.4,2503
Greenwall,1677.2,2103
Bully Brook,1678.0,1351
Sugar Hill Rd,1678.5,1220
VT 140,1678.6,1095
Roaring Brook,1678.7,1102
VT 140,1678.8,1227
Bear Mountain,1680.4,2208
Green Mountain and Finger Lakes National Forests,1682.1,1601
Minerva Hinchey,1682.4,1610
VT 103,1685.0,869
State Rte 103,1685.1,862
Clarendon,1686.2,1246
Lottery Rd,1687.1,1699
Lake/pond/tank,1687.5,1784
Keiffer Rd,1688.9,1528
Cold River Rd,1689.2,1394
Lower Cold River Road,1689.3,1397
Green Mountain and Finger Lakes National Forests,1689.4,1404
Gould Brook,1690.1,1482
Sargent Brook,1690.2,1505
Upper Cold River Rd,1690.8,1624
Sargent Brook,1691.5,1725
Governor Clement,1692.2,1902
Cooper Lodge,1696.6,3871
Green Mountain and Finger Lakes National Forests,1697.0,3549
Snowden Peak,1697.5,3546
Pico Camp,1699.3,3543
Churchhill Scott,1700.8,2644
US Rte 4,1702.8,1883
Tucker Johnson (old shelter),1703.6,2290
Willard Gap,1703.8,2244
Gifford Woods State Park,1705.9,1624
Killington  VT 05751,1706.1,1581
Kent Pond Access Rd,1706.1,1578
Kent Brook,1706.2,1564
Kent Pond,1706.6,1541
Thundering Brook Rd,1706.8,1541
Thunder Falls Parking,1708.0,1371
Lake/pond/tank,1708.2,1213
River Rd,1708.3,1210
Green Mountain and Finger Lakes National Forests,1708.9,1706
Windsor,1712.3,2063
Stony Brook,1712.7,1781
Stony Brook,1713.3,1348
Green Mountain and Finger Lakes National Forests,1716.7,2293
Locust Creek,1717.0,2007
No Official Name or Unknown,1719.6,2385
Winturri,1722.0,2070
Green Mountain and Finger Lakes National Forests,1723.4,1482
Maple Valley Rd,1723.6,1404
VT 12,1725.7,862
State Rte 12,1725.8,856
Dana Hill,1726.7,1502
South Pomfret  VT 05067,1728.0,784
Totman Hill Rd,1729.0,1007
Bartlett Brook Rd,1729.8,990
Pomfret Rd,1730.4,918
Cloudland,1732.7,1387
Cloudland,1733.2,1630
Thistle Hill,1734.5,1827
Thistle Hill,1734.6,1738
Joe Ranger Road,1736.1,1322
Bunker Hill Rd,1736.2,1364
Quechee West Hartford Rd,1739.9,472
White River,1740.1,370
Podunk Brook,1740.3,370
Tigertown Brook,1740.5,374
Tigertown Rd,1740.6,426
Vietnam Veterans Memorial Hwy,1740.8,508
Tigertown Brook,1740.9,511
Green Mountain and Finger Lakes National Forests,1741.3,820
Podunk Brook,1741.8,816
Illsley Rd,1742.1,1020
Burton Woods Rd,1742.5,1007
Happy Hill,1744.2,1407
Newton Ln,1746.0,1154
Vermont,1747.6,853
Elm St,1747.7,777
Hopson Rd,1748.0,606
Lake/pond/tank,1748.1,597
Bloody Brook,1748.4,452
Jones Cir,1748.6,521
Norwich  VT 05055,1748.7,524
US Hwy 5,1748.8,518
I-91,1749.2,482
McKenna Rd,1749.3,485
River Rd,1749.5,396
New Hampshire,1749.6,396
Main St,1749.7,429
Cemetery Ln,1750.0,501
Massachusetts Row,1750.1,524
Hanover NH,1750.1,528
Crosby St,1750.4,505
Summer St,1750.6,501
White Mountain National Forest,1750.8,511
Velvet Rocks,1752.0,866
Lake/pond/tank,1753.9,784
Lake/pond/tank,1754.0,784
Trescot Road,1754.6,915
Trescott Rd,1754.7,921
Etna Hanover Center Road,1756.0,823
Three Mile Road,1758.4,1368
Three Mile Rd,1758.5,1387
South Peak,1760.4,2280
Moose Mountain,1761.0,2112
Old Moose Mountain (old shelter),1761.2,2086
North Peak,1761.9,2303
Goose Pond Road (NH),1764.2,925
Hewes Brook,1764.7,866
Tyler Hill Rd,1765.7,1715
Trapper John,1767.1,1473
Lyme  NH 03768,1767.9,885
Dartmouth Skiway,1768.0,885
Grant Brook,1769.8,1102
Lambert Ridge,1771.7,2378
Fire Warden's Cabin,1773.6,3221
Smarts Mountain,1774.0,3221
No Official Name or Unknown,1777.3,1443
Lake/pond/tank,1778.3,1938
North Branch Jacobs Brook,1778.4,1912
Hexacuba,1778.8,2057
Mount Cube,1780.3,2874
Brackett Brook,1782.1,1476
NH 25A trailhead,1783.6,908
Pond Brook,1783.7,898
White Mountain National Forest,1783.8,902
White Mountain National Forest,1784.3,1131
Cape Moonshine Rd,1785.5,1420
Ore Hill (old shelter),1786.0,1807
Lake/pond/tank,1787.6,1640
Ore Hill,1788.1,1791
Lake Tarleton Rd,1788.8,1538
Ore Hill Brook,1788.9,1512
Mount Mist,1790.7,2217
Wachipauka Pond,1791.8,1558
Oliverian Notch,1793.7,1046
NH 25,1793.8,1017
Oliverian Brook,1793.9,1010
White Mountain National Forest,1794.4,1266
Jeffers Brook,1794.8,1305
Jeffers Brook Road,1794.9,1335
Still Brook,1795.0,1341
High St,1795.1,1361
Sanitarium Road,1795.3,1486
South Peak,1798.1,4333
Mount Moosilauke,1799.2,4812
Beaver Brook,1801.3,3720
Beaver Brook,1801.7,2969
Beaver Pond,1802.6,1866
Appalachain Trl,1802.8,1998
Blue Ridge,1803.2,2614
Mount Wolf,1807.0,3454
Lake/pond/tank,1807.7,3192
White Mountain National Forest,1808.9,2565
Eliza Brook,1809.7,2388
Eliza Brook,1809.8,2385
Eliza Brook,1810.7,3038
Harrington Pond,1811.1,3389
South Peak Kinsman Mountain,1812.0,4301
Kinsman Mountain,1812.3,4163
North Peak,1812.9,4242
Kinsman Pond,1813.4,3743
Lonesome Lake Hut,1815.2,2742
Lonesome Lake,1815.3,2723
Cascade Brook,1816.1,2296
Cascade Brook,1816.6,2086
Whitehouse Brook,1817.7,1512
Sen Styles Bridge Hwy,1817.9,1420
Sen Styles Bridge Hwy,1818.0,1410
NH 3,1818.1,1407
White Mountain National Forest,1818.9,1919
Little Haystack Mountain,1822.7,4740
Mount Lincoln,1823.3,5078
Franconia Ridge,1823.4,5003
Garfield Ridge,1826.1,3756
Garfield Pond,1827.1,3871
Mount Garfield,1827.5,4452
Garfield Ridge,1827.8,4038
Galehead Hut,1830.3,3753
South Twin Mountain,1831.1,4885
Mount Guyot,1833.1,4576
Whitewall Brook,1836.7,2673
Zealand Falls Hut,1836.8,2647
Zealand Pond,1837.0,2463
Grafton,1839.1,2437
North Fork East Branch Pemigewasset River,1839.5,2460
Ethan Pond,1841.6,2831
Ethan Pond,1841.8,2854
Lake/pond/tank,1842.4,2896
White Mountain National Forest,1842.5,2877
Ethan Pond Trailhead,1844.4,1407
US 302,1844.7,1263
Crawford Notch Rd,1844.8,1256
Saco River,1844.9,1246
Presidential Range-Dry River Wilderness,1845.5,1912
Coos,1846.7,3169
White Mountain National Forest,1847.6,3618
Mount Webster,1847.8,3841
Carroll,1848.0,3815
Mount Jackson,1849.1,4019
Mizpah Spring Hut,1850.7,3795
Mount Pierce,1851.5,4288
Presidential Range,1853.3,4442
Mount Franklin,1854.4,4950
Lakes of the Clouds,1855.6,5019
Lake/pond/tank,1855.7,5088
Mt. Washington  NH 03589,1856.9,6151
Great Gulf Wilderness,1857.4,5672
Mount Clay,1858.3,5337
Edmands Col,1860.3,4947
Great Gulf Wilderness,1860.6,5098
Adams Five,1860.8,5223
Mount Quincy Adams,1862.0,5160
Madison Spring Hut,1862.4,4783
Mount Madison,1862.8,5318
Osgood Ridge,1864.0,4271
Parapet Brook,1865.7,2283
Madison Gulf,1865.8,2283
Great Gulf Wilderness,1866.0,2309
Lows Bald Spot,1867.6,2808
Mount Washington Auto Rd,1867.8,2673
Peabody River,1869.1,2227
Pinkham Notch,1869.7,2030
White Mountain Rd,1869.8,2020
Lake/pond/tank,1870.4,2103
Wildcat Ridge,1873.9,4281
Wildcat Mountain,1874.2,4416
Carter Notch,1874.9,3395
Lake/pond/tank,1875.1,3287
Carter Dome,1876.2,4822
Mount Hight,1877.1,4665
Zeta Pass,1877.6,3904
South Carter Mountain,1878.3,4416
Middle Carter Mountain,1879.5,4596
North Carter Mountain,1880.4,4524
Imp Mountain,1881.7,3395
Imp Campsite,1882.1,3218
Mount Moriah,1883.8,3969
White Mountain National Forest,1885.3,3116
Rattle River,1886.1,1998
Rattle River,1887.3,1361
Rattle River,1887.6,1230
US Hwy 2,1889.3,761
Gorham  NH 03581,1889.4,780
North Rd,1889.5,777
Androscoggin River,1889.8,698
Hogan Rd,1890.0,770
No Official Name or Unknown,1890.2,770
Cascade Mountain,1894.9,2618
Trident Pass,1896.0,2017
Page Pond,1896.9,2224
Wocket Ledge,1897.7,2801
Dream Lake,1898.6,2627
Upper Gentian Pond,1899.9,2549
Austin Mill Brook,1900.1,2503
Gentian Pond,1900.5,2152
Gentian Pond,1900.7,2165
Coos,1902.6,3326
Mount Success,1903.3,3562
Maine,1905.1,2969
Carlo Col,1905.4,3139
Carlo Col,1905.6,3185
Mount Carlo,1905.9,3562
Goose Eye Mountain,1907.2,3822
North Peak,1908.7,3664
Full Goose,1909.7,2972
South Peak,1910.2,3379
Mahoosuc Notch,1911.2,2503
Mahoosuc Arm,1913.4,3733
Speck Pond,1914.0,3405
Speck Pond,1914.2,3425
NH 26 (Grafton Notch),1918.6,1502
Bear River,1918.7,1492
Baldpate Lean-to,1921.0,2677
West Peak,1921.7,3664
Baldpate Mountain,1922.6,3782
Little Baldpate Mountain,1923.0,3431
Frye Notch Lean-to,1924.3,2319
West Branch Ellis River,1927.9,1259
E B Hill Rd,1928.7,1486
Burroughs Brook,1930.5,2050
Wyman Mountain,1933.3,2919
Moody Brook,1934.4,2578
Hall Mountain Lean-to,1934.5,2621
Sawyer Notch,1935.7,1112
Sawyer Brook,1935.8,1089
Black Brook,1938.4,1404
Oxford,1939.2,2490
Franklin,1940.5,3100
Old Blue Mountain,1941.0,3562
Bemis Mountain,1944.9,3562
Bemis Mountain Lean-to,1946.6,2814
Bemis Stream,1950.3,1496
State Rte 17,1951.1,2214
Spruce Mountain,1951.9,2506
Trl C,1954.1,2381
Lake/pond/tank,1954.2,2358
Long Pond,1954.3,2326
Sabbath Day Pond Lean-to,1954.7,2375
Trl A,1955.1,2398
Four Ponds Brook,1955.2,2372
Lake/pond/tank,1957.8,2650
Lake/pond/tank,1959.2,2434
Chandler Mill Stream,1960.3,2178
South Pond,1961.8,2178
Rangely ME,1963.8,1610
Sandy River,1963.9,1578
Beech Hill Rd,1964.5,1870
Piazza Rock Lean-to,1965.6,2083
Lake/pond/tank,1966.4,2358
Saddleback Stream,1966.7,2509
Lake/pond/tank,1967.0,2631
Cascade Stream,1967.3,2637
Saddleback Mountain,1969.3,4117
The Horn,1970.8,4012
Saddleback Junior,1972.7,3635
Poplar Ridge Lean-to,1974.0,2952
Orbeton Stream,1976.6,1558
Lone Mountain,1979.6,3244
Spaulding Mountain Lean-to,1981.7,3120
South Branch Carrabasset River,1986.6,2139
Caribou Valley Road (pull-off 2),1986.7,2211
Caribou Pond Rd,1986.8,2244
South Crocker Mountain,1988.7,4022
Crocker Mountain,1989.6,4219
Carrabassett Dr,1994.6,1391
No Official Name Or Unknown,1995.5,1276
Stratton Brook,1995.6,1236
Cranberry Peak Rd,1996.1,1312
Franklin,1999.5,3149
Horns Pond Lean-to (east),1999.6,3152
The Horns,2000.1,3782
Somerset,2001.2,3435
Mount Bigelow,2002.0,4045
West Peak,2002.1,4127
Avery Col,2002.4,3802
Avery Peak,2002.8,4064
Little Bigelow Mountain,2007.3,3044
Little Bigelow Lean-to,2009.4,1791
Bog Brook Road,2010.7,1167
E Flagstaff Rd,2010.8,1161
Bog Brook Rd,2011.0,1164
Flagstaff Lake,2011.4,1145
Jerome Brook,2013.8,1230
Pond Stream,2016.4,1351
West Carry Pond Lean-to,2017.1,1322
West Carry Pond,2017.7,1315
Lane Pond Rd,2019.5,1259
Middle Carry Pond,2019.8,1233
East Carry Pond,2021.0,1233
Scott Rd,2022.9,1292
Lake/pond/tank,2023.1,1250
Lake/pond/tank,2023.6,1154
North Branch Carrying Place Stream,2023.7,1158
Pierce Pond Lean-to,2027.2,1171
Lake/pond/tank,2027.3,1135
Lake/pond/tank,2027.4,1118
Lake/pond/tank,2027.5,1112
Lake/pond/tank,2027.6,1099
Bowtown Rd,2027.8,1059
Otter Pond Stream,2028.9,830
Kennebec River,2030.7,492
Caratunk  ME 04925,2031.0,518
US Hwy 201,2031.1,528
Holly Brook,2033.2,790
Holly Brook,2035.7,1289
Boise Rd,2036.4,1423
No Official Name Or Unknown,2036.5,1420
Pleasant Pond Lean-to,2036.8,1364
Pleasant Pond Road,2037.0,1335
Pleasant Pond Mountain,2038.0,2463
Middle Mountain,2038.7,2280
Moxie Pond,2042.8,971
Bald Mountain Brook,2045.3,1246
Bald Mountain Brook Lean-to,2045.4,1292
Bald Mountain,2047.4,2614
Moxie Bald Lean-to,2049.4,1220
Bald Mountain Stream,2051.5,1210
Bald Mountain Stream,2052.0,1190
Piscataquis,2052.5,1158
Bald Mountain Stream,2052.7,1135
Marble Brook,2055.0,974
Bald Mountain Stream,2055.3,964
Horseshoe Canyon Lean-to,2058.4,787
East Branch Piscataquis River,2060.7,583
N Blanchard Shirley Rd,2061.2,885
Jackson Brook Ln,2062.8,912
Lake Hebron,2063.2,849
Pleasant Road,2064.2,895
Wyman Rd,2064.6,1036
Gully Brook,2066.1,1220
ME 15,2067.5,1207
Goodell Brook,2067.7,1164
Bell Pond,2068.7,1276
Lily Pond,2069.5,1138
Leeman Brook,2070.5,1033
Leeman Brook Lean-to,2070.6,1049
North Pond,2071.2,1026
North Pond Brook,2071.4,1020
Mud Pond,2072.8,1046
Lake/pond/tank,2074.1,892
Little Wilson Stream,2074.4,774
Lake/pond/tank,2074.7,925
Thompson Brook,2076.9,574
Big Wilson Stream,2077.3,590
Wilson Valley Lean-to,2078.0,954
Wilber Brook,2081.2,593
Vaughn Stream,2081.3,616
Willimantic Rd,2081.8,649
Long Pond Stream,2081.9,606
Long Pond Stream,2082.1,675
Long Pond Stream,2082.5,748
Long Pond Lean-to,2082.7,885
Barren Mountain,2085.6,2637
Cloud Pond Lean-to,2086.5,2493
Fourth Mountain,2088.8,2339
Third Mountain,2090.9,2020
Lake/pond/tank,2091.5,1696
Columbus Mountain,2092.4,2309
Chairback Gap Lean-to,2093.0,1958
Chairback Mountain,2093.5,2181
Katahdin Iron Works Rd,2096.9,757
Henderson Brook,2097.0,698
West Branch Pleasant River,2097.3,646
West Branch Pleasant River,2097.5,652
Gulf Hagas Brook,2100.1,1151
Gulf Hagas Brook,2102.8,1902
Carl A. Newhall Lean-to,2102.9,1935
Gulf Hagas Mountain,2103.8,2687
West Peak,2105.3,3169
Hay Mountain,2106.8,3241
White Cap Mountain,2108.5,3641
Logan Brook Lean-to,2109.8,2378
Logan Brook,2110.4,1984
Lake/pond/tank,2113.3,1236
East Branch Lean-to,2113.4,1233
Lake/pond/tank,2113.7,1213
Mountain View Pond,2115.2,1587
Lake/pond/tank,2115.3,1591
Little Boardman Mountain,2116.8,2001
Kokadjo  B Pond Road,2118.1,1259
Crawford Pond,2119.0,1217
Cooper Brook Falls Lean-to,2121.5,928
Jo Mary Road,2125.2,606
Jo Mary Rd,2125.3,613
Mud Brook,2128.3,501
Jo-Mary Lake,2129.5,495
Potaywadjo Spring Lean-to,2133.0,606
Tirio Access Rd,2133.2,554
Twitchell Brook,2133.5,492
Pemadumcook Lake,2133.6,492
Tirio Access Rd,2134.5,511
Deer Brook,2134.8,498
Tumbledown Dick Stream,2136.9,511
Nahmakanta Stream,2137.1,511
Nahmakanta Stream,2137.9,544
Nahmakanta Stream,2138.0,547
Nahmakanta Stream,2138.5,570
No Official Name Or Unknown,2140.2,636
Nahmakanta Lake,2140.7,646
Prentiss Brook,2141.3,652
Wadleigh Stream Lean-to,2143.0,702
logging rd n of nesuntabunt mt,2146.0,1023
Crescent Pond,2146.5,967
Pollywog Stream,2147.9,702
Pollywog Stream,2148.2,679
Lake/pond/tank,2148.3,675
Pollywog Stream,2148.4,669
Rainbow Stream,2149.6,810
Lake/pond/tank,2150.4,967
Rainbow Stream Lean-to,2150.8,1003
Lake/pond/tank,2150.9,1017
Lake/pond/tank,2151.5,1030
Little Beaver Pond,2157.6,1049
Lake/pond/tank,2161.7,698
Hurd Brook Lean-to,2161.8,702
Golden Road,2165.0,587
Golden Road Pull-off,2165.1,583
Abol Bridge Campground Store,2165.2,583
Millinocket  ME 04462,2165.4,593
Appalachian Trl,2165.6,593
No Official Name or Unknown,2165.8,570
Lake/pond/tank,2166.0,574
Katahdin Stream,2166.3,570
Foss and Knowlton Brook,2167.1,574
Lake/pond/tank,2167.6,570
Daicey Pond,2172.8,1053
Daicey Pond,2173.1,1092
Elbow Pond,2173.7,1043
Tracy Pond,2174.1,1056
Lake/pond/tank,2174.2,1062
Main St,2174.3,1062
Katahdin Stream Cg Shelter  No.7,2175.0,1072
The Birches Lean-to No. 1,2175.1,1079
Katahdin Stream,2176.2,1522
Hunts Peak,2178.1,3812
Thoreau Spring,2179.1,4632
Mount Katahdin,2180.0,5236